{"clients":[{"client_name":"Carrot Care","client_id":"1","tech_id":"1"},{"client_name":"60 Grit","client_id":"7","tech_id":"4"},{"client_name":"3-DOM","client_id":"6","tech_id":"3"},{"client_name":"Carrot Seven","client_id":"5","tech_id":"2"},{"client_name":"Alumina","client_id":"8","tech_id":"5"},{"client_name":"Atomic Donut","client_id":"9","tech_id":"6"},{"client_name":"Beat On The Path","client_id":"10","tech_id":"1"},{"client_name":"Biotica","client_id":"11","tech_id":"2"},{"client_name":"Chrononaut","client_id":"12","tech_id":"3"},{"client_name":"Comtexture","client_id":"13","tech_id":"4"}]}